year_month,forecast
2024-01,18.181181650808174
2024-02,18.396702100556034
2024-03,18.211652119799247
2024-04,18.50037407929736
2024-05,18.003961602964754
2024-06,12.324035613627814
2024-07,10.946203791192788
2024-08,8.790635856595662
2024-09,7.543888127842087
2024-10,6.291618770578953
2024-11,5.270555956157482
2024-12,6.44586834251832
