year_month,forecast
2024-01,17.6019536548702
2024-02,18.133445725383737
2024-03,18.87546155729757
2024-04,19.776991799543467
2024-05,20.228434563472675
2024-06,20.629481436678773
2024-07,20.965087706942654
2024-08,20.15987346435338
2024-09,19.2848284377707
2024-10,19.44350317273947
2024-11,20.35694458034672
2024-12,20.46931416205348
