year_month,forecast
2024-01,16.9306498769515
2024-02,17.32338335142939
2024-03,19.512877931242485
2024-04,18.48775006986307
2024-05,18.682370893497986
2024-06,18.818797067401622
2024-07,19.4310847589372
2024-08,19.457542780579804
2024-09,19.338564987227688
2024-10,19.373954400048376
2024-11,17.998823227424353
2024-12,19.03931052551075
